use loja_viking;

INSERT INTO produtos(
ID_PRODUTO, SKU, TAMANHO, TIPO, COR, PRECO, QUANTIDADE) VALUE (
1, 1040101, 'P', 'REGATA', 'PRETA', 70.00, 10);

INSERT INTO produtos(
ID_PRODUTO, SKU, TAMANHO, TIPO, COR, PRECO, QUANTIDADE) VALUE (
2, 1040102, 'P', 'REGATA', 'AZUL', 70.00, 10);

INSERT INTO produtos(
ID_PRODUTO, SKU, TAMANHO, TIPO, COR, PRECO, QUANTIDADE) VALUE (
3, 1040103, 'P', 'REGATA', 'BRANCA', 70.00, 10);


INSERT INTO produtos(
ID_PRODUTO, SKU, TAMANHO, TIPO, COR, PRECO, QUANTIDADE) VALUE (
4, 1040104, 'M', 'REGATA', 'PRETA', 70.00, 10);

INSERT INTO produtos(
ID_PRODUTO, SKU, TAMANHO, TIPO, COR, PRECO, QUANTIDADE) VALUE (
5, 1040105, 'M', 'REGATA', 'AZUL', 70.00, 10);


INSERT INTO produtos(
ID_PRODUTO, SKU, TAMANHO, TIPO, COR, PRECO, QUANTIDADE) VALUE (
6, 1040106, 'M', 'REGATA', 'BRANCA', 70.00, 10);

INSERT INTO produtos(
ID_PRODUTO, SKU, TAMANHO, TIPO, COR, PRECO, QUANTIDADE) VALUE (
7, 1040107, 'G', 'REGATA', 'PRETA', 70.00, 10);

INSERT INTO produtos(
ID_PRODUTO, SKU, TAMANHO, TIPO, COR, PRECO, QUANTIDADE) VALUE (
8, 1040108, 'G', 'REGATA', 'AZUL', 70.00, 10);

INSERT INTO produtos(
ID_PRODUTO, SKU, TAMANHO, TIPO, COR, PRECO, QUANTIDADE) VALUE (
9, 1040109, 'G', 'REGATA', 'BRANCA', 70.00, 10);

INSERT INTO produtos(
ID_PRODUTO, SKU, TAMANHO, TIPO, COR, PRECO, QUANTIDADE) VALUE (
10, 1040110, 'P', 'CAMISA', 'PRETA', 70.00, 10);

INSERT INTO produtos(
ID_PRODUTO, SKU, TAMANHO, TIPO, COR, PRECO, QUANTIDADE) VALUE (
11, 1040111, 'P', 'CAMISA', 'AZUL', 70.00, 10);

INSERT INTO produtos(
ID_PRODUTO, SKU, TAMANHO, TIPO, COR, PRECO, QUANTIDADE) VALUE (
12, 1040112, 'P', 'CAMISA', 'BRANCA', 70.00, 10);

INSERT INTO produtos(
ID_PRODUTO, SKU, TAMANHO, TIPO, COR, PRECO, QUANTIDADE) VALUE (
13, 1040113, 'M', 'CAMISA', 'PRETA', 70.00, 10);

INSERT INTO produtos(
ID_PRODUTO, SKU, TAMANHO, TIPO, COR, PRECO, QUANTIDADE) VALUE (
14, 1040114, 'M', 'CAMISA', 'AZUL', 70.00, 10);

INSERT INTO produtos(
ID_PRODUTO, SKU, TAMANHO, TIPO, COR, PRECO, QUANTIDADE) VALUE (
15, 1040115, 'M', 'CAMISA', 'BRANCA', 70.00, 10);

insert into clientes(CPF, NOME) VALUES
(11111111111, 'JOANA OLIVEIRA'),
(22222222222, 'JOANA MARQUES'),
(33333333333, 'JOANA NOVAES'),
(44444444444, 'DAVI NOVAES'),
(55555555555, 'LEANDRO OLIVEIRA'),
(66666666666, 'FERNANDA CRISTINA'),
(77777777777, 'MONICA MARQUES'),
(88888888888, 'WAGNER LIMA'),
(99999999999, 'LEONARDO OLIVEIRA'),
(10101010101, 'HELOISA CRISTINA');

insert into avaliacoes(ID_AVALIACAO, CPF, ID_PRODUTO, NOTA, DATA_AVALIACAO) 
VALUES
(1, 11111111111, 1, 8, '2020-09-10'),
(2, 11111111111, 2, 6, '2022-09-10'),
(3, 11111111111, 3, 7, '2022-08-10'),
(4, 22222222222, 4, 9, '2022-09-09'),
(5, 22222222222, 5, 10, '2022-09-08'),
(6, 22222222222, 6, 9, '2022-09-07'),
(7, 33333333333, 7, 6, '2022-09-06'),
(8, 33333333333, 8, 5, '2022-09-05'),
(9, 33333333333, 9, 10, '2022-09-03'),
(10, 44444444444, 10, 9, '2022-09-02'),
(11, 44444444444, 11, 7, '2022-09-01'),
(12, 44444444444, 12, 8, '2022-08-30'),
(13, 55555555555, 13, 9, '2022-08-29'),
(14, 55555555555, 14, 7, '2022-08-28'),
(15, 55555555555, 15, 8, '2022-08-27'),
(16, 66666666666, 1, 10, '2022-08-26'),
(17, 66666666666, 2, 9, '2022-08-25'),
(18, 66666666666, 3, 7, '2022-08-24'),
(19, 77777777777, 4, 6, '2022-08-23'),
(20, 77777777777, 5, 5, '2022-08-22'),
(21, 77777777777, 6, 4, '2022-08-21'),
(22, 88888888888, 7, 3, '2022-08-20'),
(23, 88888888888, 8, 2, '2022-08-19'),
(24, 88888888888, 9, 1, '2022-08-18'),
(25, 99999999999, 10, 2, '2022-08-17'),
(26, 99999999999, 11, 3, '2022-08-16'),
(27, 99999999999, 12, 4, '2022-08-15'),
(28, 10101010101, 13, 5, '2022-08-14'),
(29, 10101010101, 14, 6, '2022-08-13'),
(30, 10101010101, 15, 7, '2022-08-12');







